species_name,label,reason,source_path,target_path,sample_image
almond_mushroom,edible,exact_match,/Users/anyliuliu/Desktop/mushroomguard/species_dataset/data/data/almond_mushroom,/Users/anyliuliu/Desktop/mushroomguard/reference_species/edible/almond_mushroom,/Users/anyliuliu/Desktop/mushroomguard/species_dataset/data/data/almond_mushroom/8.png
amanita_gemmata,poisonous,exact_match,/Users/anyliuliu/Desktop/mushroomguard/species_dataset/data/data/amanita_gemmata,/Users/anyliuliu/Desktop/mushroomguard/reference_species/poisonous/amanita_gemmata,/Users/anyliuliu/Desktop/mushroomguard/species_dataset/data/data/amanita_gemmata/8.png
amethyst_chanterelle,edible,exact_match,/Users/anyliuliu/Desktop/mushroomguard/species_dataset/data/data/amethyst_chanterelle,/Users/anyliuliu/Desktop/mushroomguard/reference_species/edible/amethyst_chanterelle,/Users/anyliuliu/Desktop/mushroomguard/species_dataset/data/data/amethyst_chanterelle/8.png
amethyst_deceiver,uncertain,no_clear_rule,/Users/anyliuliu/Desktop/mushroomguard/species_dataset/data/data/amethyst_deceiver,/Users/anyliuliu/Desktop/mushroomguard/reference_species/uncertain/amethyst_deceiver,/Users/anyliuliu/Desktop/mushroomguard/species_dataset/data/data/amethyst_deceiver/8.png
aniseed_funnel,edible,exact_match,/Users/anyliuliu/Desktop/mushroomguard/species_dataset/data/data/aniseed_funnel,/Users/anyliuliu/Desktop/mushroomguard/reference_species/edible/aniseed_funnel,/Users/anyliuliu/Desktop/mushroomguard/species_dataset/data/data/aniseed_funnel/8.png
ascot_hat,uncertain,no_clear_rule,/Users/anyliuliu/Desktop/mushroomguard/species_dataset/data/data/ascot_hat,/Users/anyliuliu/Desktop/mushroomguard/reference_species/uncertain/ascot_hat,/Users/anyliuliu/Desktop/mushroomguard/species_dataset/data/data/ascot_hat/8.png
bay_bolete,edible,exact_match,/Users/anyliuliu/Desktop/mushroomguard/species_dataset/data/data/bay_bolete,/Users/anyliuliu/Desktop/mushroomguard/reference_species/edible/bay_bolete,/Users/anyliuliu/Desktop/mushroomguard/species_dataset/data/data/bay_bolete/8.png
bearded_milkcap,edible,exact_match,/Users/anyliuliu/Desktop/mushroomguard/species_dataset/data/data/bearded_milkcap,/Users/anyliuliu/Desktop/mushroomguard/reference_species/edible/bearded_milkcap,/Users/anyliuliu/Desktop/mushroomguard/species_dataset/data/data/bearded_milkcap/8.png
beechwood_sickener,poisonous,keyword_rule,/Users/anyliuliu/Desktop/mushroomguard/species_dataset/data/data/beechwood_sickener,/Users/anyliuliu/Desktop/mushroomguard/reference_species/poisonous/beechwood_sickener,/Users/anyliuliu/Desktop/mushroomguard/species_dataset/data/data/beechwood_sickener/8.png
beefsteak_fungus,edible,exact_match,/Users/anyliuliu/Desktop/mushroomguard/species_dataset/data/data/beefsteak_fungus,/Users/anyliuliu/Desktop/mushroomguard/reference_species/edible/beefsteak_fungus,/Users/anyliuliu/Desktop/mushroomguard/species_dataset/data/data/beefsteak_fungus/8.png
birch_polypore,uncertain,no_clear_rule,/Users/anyliuliu/Desktop/mushroomguard/species_dataset/data/data/birch_polypore,/Users/anyliuliu/Desktop/mushroomguard/reference_species/uncertain/birch_polypore,/Users/anyliuliu/Desktop/mushroomguard/species_dataset/data/data/birch_polypore/8.png
birch_woodwart,uncertain,no_clear_rule,/Users/anyliuliu/Desktop/mushroomguard/species_dataset/data/data/birch_woodwart,/Users/anyliuliu/Desktop/mushroomguard/reference_species/uncertain/birch_woodwart,/Users/anyliuliu/Desktop/mushroomguard/species_dataset/data/data/birch_woodwart/8.png
bitter_beech_bolete,edible,keyword_rule,/Users/anyliuliu/Desktop/mushroomguard/species_dataset/data/data/bitter_beech_bolete,/Users/anyliuliu/Desktop/mushroomguard/reference_species/edible/bitter_beech_bolete,/Users/anyliuliu/Desktop/mushroomguard/species_dataset/data/data/bitter_beech_bolete/8.png
bitter_bolete,edible,keyword_rule,/Users/anyliuliu/Desktop/mushroomguard/species_dataset/data/data/bitter_bolete,/Users/anyliuliu/Desktop/mushroomguard/reference_species/edible/bitter_bolete,/Users/anyliuliu/Desktop/mushroomguard/species_dataset/data/data/bitter_bolete/8.png
black_bulgar,uncertain,no_clear_rule,/Users/anyliuliu/Desktop/mushroomguard/species_dataset/data/data/black_bulgar,/Users/anyliuliu/Desktop/mushroomguard/reference_species/uncertain/black_bulgar,/Users/anyliuliu/Desktop/mushroomguard/species_dataset/data/data/black_bulgar/8.png
black_morel,edible,exact_match,/Users/anyliuliu/Desktop/mushroomguard/species_dataset/data/data/black_morel,/Users/anyliuliu/Desktop/mushroomguard/reference_species/edible/black_morel,/Users/anyliuliu/Desktop/mushroomguard/species_dataset/data/data/black_morel/8.png
blackening_brittlegill,uncertain,no_clear_rule,/Users/anyliuliu/Desktop/mushroomguard/species_dataset/data/data/blackening_brittlegill,/Users/anyliuliu/Desktop/mushroomguard/reference_species/uncertain/blackening_brittlegill,/Users/anyliuliu/Desktop/mushroomguard/species_dataset/data/data/blackening_brittlegill/8.png
blackening_polypore,uncertain,no_clear_rule,/Users/anyliuliu/Desktop/mushroomguard/species_dataset/data/data/blackening_polypore,/Users/anyliuliu/Desktop/mushroomguard/reference_species/uncertain/blackening_polypore,/Users/anyliuliu/Desktop/mushroomguard/species_dataset/data/data/blackening_polypore/8.png
blackening_waxcap,uncertain,no_clear_rule,/Users/anyliuliu/Desktop/mushroomguard/species_dataset/data/data/blackening_waxcap,/Users/anyliuliu/Desktop/mushroomguard/reference_species/uncertain/blackening_waxcap,/Users/anyliuliu/Desktop/mushroomguard/species_dataset/data/data/blackening_waxcap/8.png
blue_roundhead,uncertain,no_clear_rule,/Users/anyliuliu/Desktop/mushroomguard/species_dataset/data/data/blue_roundhead,/Users/anyliuliu/Desktop/mushroomguard/reference_species/uncertain/blue_roundhead,/Users/anyliuliu/Desktop/mushroomguard/species_dataset/data/data/blue_roundhead/8.png
blushing_bracket,uncertain,no_clear_rule,/Users/anyliuliu/Desktop/mushroomguard/species_dataset/data/data/blushing_bracket,/Users/anyliuliu/Desktop/mushroomguard/reference_species/uncertain/blushing_bracket,/Users/anyliuliu/Desktop/mushroomguard/species_dataset/data/data/blushing_bracket/8.png
blushing_rosette,uncertain,no_clear_rule,/Users/anyliuliu/Desktop/mushroomguard/species_dataset/data/data/blushing_rosette,/Users/anyliuliu/Desktop/mushroomguard/reference_species/uncertain/blushing_rosette,/Users/anyliuliu/Desktop/mushroomguard/species_dataset/data/data/blushing_rosette/8.png
blushing_wood_mushroom,uncertain,no_clear_rule,/Users/anyliuliu/Desktop/mushroomguard/species_dataset/data/data/blushing_wood_mushroom,/Users/anyliuliu/Desktop/mushroomguard/reference_species/uncertain/blushing_wood_mushroom,/Users/anyliuliu/Desktop/mushroomguard/species_dataset/data/data/blushing_wood_mushroom/8.png
bovine_bolete,edible,keyword_rule,/Users/anyliuliu/Desktop/mushroomguard/species_dataset/data/data/bovine_bolete,/Users/anyliuliu/Desktop/mushroomguard/reference_species/edible/bovine_bolete,/Users/anyliuliu/Desktop/mushroomguard/species_dataset/data/data/bovine_bolete/8.png
bronze_bolete,edible,keyword_rule,/Users/anyliuliu/Desktop/mushroomguard/species_dataset/data/data/bronze_bolete,/Users/anyliuliu/Desktop/mushroomguard/reference_species/edible/bronze_bolete,/Users/anyliuliu/Desktop/mushroomguard/species_dataset/data/data/bronze_bolete/8.png
brown_birch_bolete,edible,keyword_rule,/Users/anyliuliu/Desktop/mushroomguard/species_dataset/data/data/brown_birch_bolete,/Users/anyliuliu/Desktop/mushroomguard/reference_species/edible/brown_birch_bolete,/Users/anyliuliu/Desktop/mushroomguard/species_dataset/data/data/brown_birch_bolete/8.png
brown_rollrim,uncertain,no_clear_rule,/Users/anyliuliu/Desktop/mushroomguard/species_dataset/data/data/brown_rollrim,/Users/anyliuliu/Desktop/mushroomguard/reference_species/uncertain/brown_rollrim,/Users/anyliuliu/Desktop/mushroomguard/species_dataset/data/data/brown_rollrim/8.png
bruising_webcap,uncertain,no_clear_rule,/Users/anyliuliu/Desktop/mushroomguard/species_dataset/data/data/bruising_webcap,/Users/anyliuliu/Desktop/mushroomguard/reference_species/uncertain/bruising_webcap,/Users/anyliuliu/Desktop/mushroomguard/species_dataset/data/data/bruising_webcap/8.png
butter_cap,edible,exact_match,/Users/anyliuliu/Desktop/mushroomguard/species_dataset/data/data/butter_cap,/Users/anyliuliu/Desktop/mushroomguard/reference_species/edible/butter_cap,/Users/anyliuliu/Desktop/mushroomguard/species_dataset/data/data/butter_cap/8.png
cauliflower_fungus,edible,exact_match,/Users/anyliuliu/Desktop/mushroomguard/species_dataset/data/data/cauliflower_fungus,/Users/anyliuliu/Desktop/mushroomguard/reference_species/edible/cauliflower_fungus,/Users/anyliuliu/Desktop/mushroomguard/species_dataset/data/data/cauliflower_fungus/8.png
cedarwood_waxcap,uncertain,no_clear_rule,/Users/anyliuliu/Desktop/mushroomguard/species_dataset/data/data/cedarwood_waxcap,/Users/anyliuliu/Desktop/mushroomguard/reference_species/uncertain/cedarwood_waxcap,/Users/anyliuliu/Desktop/mushroomguard/species_dataset/data/data/cedarwood_waxcap/8.png
chanterelle,edible,exact_match,/Users/anyliuliu/Desktop/mushroomguard/species_dataset/data/data/chanterelle,/Users/anyliuliu/Desktop/mushroomguard/reference_species/edible/chanterelle,/Users/anyliuliu/Desktop/mushroomguard/species_dataset/data/data/chanterelle/8.png
charcoal_burner,uncertain,no_clear_rule,/Users/anyliuliu/Desktop/mushroomguard/species_dataset/data/data/charcoal_burner,/Users/anyliuliu/Desktop/mushroomguard/reference_species/uncertain/charcoal_burner,/Users/anyliuliu/Desktop/mushroomguard/species_dataset/data/data/charcoal_burner/8.png
chestnut_bolete,edible,keyword_rule,/Users/anyliuliu/Desktop/mushroomguard/species_dataset/data/data/chestnut_bolete,/Users/anyliuliu/Desktop/mushroomguard/reference_species/edible/chestnut_bolete,/Users/anyliuliu/Desktop/mushroomguard/species_dataset/data/data/chestnut_bolete/8.png
chicken_of_the_woods,edible,exact_match,/Users/anyliuliu/Desktop/mushroomguard/species_dataset/data/data/chicken_of_the_woods,/Users/anyliuliu/Desktop/mushroomguard/reference_species/edible/chicken_of_the_woods,/Users/anyliuliu/Desktop/mushroomguard/species_dataset/data/data/chicken_of_the_woods/8.png
cinnamon_bracket,uncertain,no_clear_rule,/Users/anyliuliu/Desktop/mushroomguard/species_dataset/data/data/cinnamon_bracket,/Users/anyliuliu/Desktop/mushroomguard/reference_species/uncertain/cinnamon_bracket,/Users/anyliuliu/Desktop/mushroomguard/species_dataset/data/data/cinnamon_bracket/8.png
clouded_agaric,uncertain,no_clear_rule,/Users/anyliuliu/Desktop/mushroomguard/species_dataset/data/data/clouded_agaric,/Users/anyliuliu/Desktop/mushroomguard/reference_species/uncertain/clouded_agaric,/Users/anyliuliu/Desktop/mushroomguard/species_dataset/data/data/clouded_agaric/8.png
clustered_domecap,uncertain,no_clear_rule,/Users/anyliuliu/Desktop/mushroomguard/species_dataset/data/data/clustered_domecap,/Users/anyliuliu/Desktop/mushroomguard/reference_species/uncertain/clustered_domecap,/Users/anyliuliu/Desktop/mushroomguard/species_dataset/data/data/clustered_domecap/8.png
common_bonnet,uncertain,no_clear_rule,/Users/anyliuliu/Desktop/mushroomguard/species_dataset/data/data/common_bonnet,/Users/anyliuliu/Desktop/mushroomguard/reference_species/uncertain/common_bonnet,/Users/anyliuliu/Desktop/mushroomguard/species_dataset/data/data/common_bonnet/8.png
common_inkcap,uncertain,no_clear_rule,/Users/anyliuliu/Desktop/mushroomguard/species_dataset/data/data/common_inkcap,/Users/anyliuliu/Desktop/mushroomguard/reference_species/uncertain/common_inkcap,/Users/anyliuliu/Desktop/mushroomguard/species_dataset/data/data/common_inkcap/8.png
common_morel,edible,exact_match,/Users/anyliuliu/Desktop/mushroomguard/species_dataset/data/data/common_morel,/Users/anyliuliu/Desktop/mushroomguard/reference_species/edible/common_morel,/Users/anyliuliu/Desktop/mushroomguard/species_dataset/data/data/common_morel/8.png
common_puffball,edible,exact_match,/Users/anyliuliu/Desktop/mushroomguard/species_dataset/data/data/common_puffball,/Users/anyliuliu/Desktop/mushroomguard/reference_species/edible/common_puffball,/Users/anyliuliu/Desktop/mushroomguard/species_dataset/data/data/common_puffball/8.png
common_rustgill,uncertain,no_clear_rule,/Users/anyliuliu/Desktop/mushroomguard/species_dataset/data/data/common_rustgill,/Users/anyliuliu/Desktop/mushroomguard/reference_species/uncertain/common_rustgill,/Users/anyliuliu/Desktop/mushroomguard/species_dataset/data/data/common_rustgill/8.png
crimped_gill,uncertain,no_clear_rule,/Users/anyliuliu/Desktop/mushroomguard/species_dataset/data/data/crimped_gill,/Users/anyliuliu/Desktop/mushroomguard/reference_species/uncertain/crimped_gill,/Users/anyliuliu/Desktop/mushroomguard/species_dataset/data/data/crimped_gill/8.png
crimson_waxcap,uncertain,no_clear_rule,/Users/anyliuliu/Desktop/mushroomguard/species_dataset/data/data/crimson_waxcap,/Users/anyliuliu/Desktop/mushroomguard/reference_species/uncertain/crimson_waxcap,/Users/anyliuliu/Desktop/mushroomguard/species_dataset/data/data/crimson_waxcap/8.png
cucumber_cap,uncertain,no_clear_rule,/Users/anyliuliu/Desktop/mushroomguard/species_dataset/data/data/cucumber_cap,/Users/anyliuliu/Desktop/mushroomguard/reference_species/uncertain/cucumber_cap,/Users/anyliuliu/Desktop/mushroomguard/species_dataset/data/data/cucumber_cap/8.png
curry_milkcap,uncertain,no_clear_rule,/Users/anyliuliu/Desktop/mushroomguard/species_dataset/data/data/curry_milkcap,/Users/anyliuliu/Desktop/mushroomguard/reference_species/uncertain/curry_milkcap,/Users/anyliuliu/Desktop/mushroomguard/species_dataset/data/data/curry_milkcap/8.png
deadly_fibrecap,poisonous,exact_match,/Users/anyliuliu/Desktop/mushroomguard/species_dataset/data/data/deadly_fibrecap,/Users/anyliuliu/Desktop/mushroomguard/reference_species/poisonous/deadly_fibrecap,/Users/anyliuliu/Desktop/mushroomguard/species_dataset/data/data/deadly_fibrecap/8.png
deadly_webcap,poisonous,exact_match,/Users/anyliuliu/Desktop/mushroomguard/species_dataset/data/data/deadly_webcap,/Users/anyliuliu/Desktop/mushroomguard/reference_species/poisonous/deadly_webcap,/Users/anyliuliu/Desktop/mushroomguard/species_dataset/data/data/deadly_webcap/4.png
deathcap,poisonous,exact_match,/Users/anyliuliu/Desktop/mushroomguard/species_dataset/data/data/deathcap,/Users/anyliuliu/Desktop/mushroomguard/reference_species/poisonous/deathcap,/Users/anyliuliu/Desktop/mushroomguard/species_dataset/data/data/deathcap/8.png
deer_shield,uncertain,no_clear_rule,/Users/anyliuliu/Desktop/mushroomguard/species_dataset/data/data/deer_shield,/Users/anyliuliu/Desktop/mushroomguard/reference_species/uncertain/deer_shield,/Users/anyliuliu/Desktop/mushroomguard/species_dataset/data/data/deer_shield/8.png
destroying_angel,poisonous,exact_match,/Users/anyliuliu/Desktop/mushroomguard/species_dataset/data/data/destroying_angel,/Users/anyliuliu/Desktop/mushroomguard/reference_species/poisonous/destroying_angel,/Users/anyliuliu/Desktop/mushroomguard/species_dataset/data/data/destroying_angel/8.png
devils_bolete,poisonous,exact_match,/Users/anyliuliu/Desktop/mushroomguard/species_dataset/data/data/devils_bolete,/Users/anyliuliu/Desktop/mushroomguard/reference_species/poisonous/devils_bolete,/Users/anyliuliu/Desktop/mushroomguard/species_dataset/data/data/devils_bolete/4.png
dog_stinkhorn,uncertain,no_clear_rule,/Users/anyliuliu/Desktop/mushroomguard/species_dataset/data/data/dog_stinkhorn,/Users/anyliuliu/Desktop/mushroomguard/reference_species/uncertain/dog_stinkhorn,/Users/anyliuliu/Desktop/mushroomguard/species_dataset/data/data/dog_stinkhorn/8.png
dryads_saddle,uncertain,no_clear_rule,/Users/anyliuliu/Desktop/mushroomguard/species_dataset/data/data/dryads_saddle,/Users/anyliuliu/Desktop/mushroomguard/reference_species/uncertain/dryads_saddle,/Users/anyliuliu/Desktop/mushroomguard/species_dataset/data/data/dryads_saddle/8.png
dusky_puffball,edible,keyword_rule,/Users/anyliuliu/Desktop/mushroomguard/species_dataset/data/data/dusky_puffball,/Users/anyliuliu/Desktop/mushroomguard/reference_species/edible/dusky_puffball,/Users/anyliuliu/Desktop/mushroomguard/species_dataset/data/data/dusky_puffball/8.png
dyers_mazegill,uncertain,no_clear_rule,/Users/anyliuliu/Desktop/mushroomguard/species_dataset/data/data/dyers_mazegill,/Users/anyliuliu/Desktop/mushroomguard/reference_species/uncertain/dyers_mazegill,/Users/anyliuliu/Desktop/mushroomguard/species_dataset/data/data/dyers_mazegill/8.png
earthballs,uncertain,no_clear_rule,/Users/anyliuliu/Desktop/mushroomguard/species_dataset/data/data/earthballs,/Users/anyliuliu/Desktop/mushroomguard/reference_species/uncertain/earthballs,/Users/anyliuliu/Desktop/mushroomguard/species_dataset/data/data/earthballs/8.png
egghead_mottlegill,uncertain,no_clear_rule,/Users/anyliuliu/Desktop/mushroomguard/species_dataset/data/data/egghead_mottlegill,/Users/anyliuliu/Desktop/mushroomguard/reference_species/uncertain/egghead_mottlegill,/Users/anyliuliu/Desktop/mushroomguard/species_dataset/data/data/egghead_mottlegill/8.png
elfin_saddle,uncertain,no_clear_rule,/Users/anyliuliu/Desktop/mushroomguard/species_dataset/data/data/elfin_saddle,/Users/anyliuliu/Desktop/mushroomguard/reference_species/uncertain/elfin_saddle,/Users/anyliuliu/Desktop/mushroomguard/species_dataset/data/data/elfin_saddle/8.png
fairy_ring_champignons,edible,exact_match,/Users/anyliuliu/Desktop/mushroomguard/species_dataset/data/data/fairy_ring_champignons,/Users/anyliuliu/Desktop/mushroomguard/reference_species/edible/fairy_ring_champignons,/Users/anyliuliu/Desktop/mushroomguard/species_dataset/data/data/fairy_ring_champignons/8.png
false_chanterelle,poisonous,exact_match,/Users/anyliuliu/Desktop/mushroomguard/species_dataset/data/data/false_chanterelle,/Users/anyliuliu/Desktop/mushroomguard/reference_species/poisonous/false_chanterelle,/Users/anyliuliu/Desktop/mushroomguard/species_dataset/data/data/false_chanterelle/8.png
false_deathcap,poisonous,exact_match,/Users/anyliuliu/Desktop/mushroomguard/species_dataset/data/data/false_deathcap,/Users/anyliuliu/Desktop/mushroomguard/reference_species/poisonous/false_deathcap,/Users/anyliuliu/Desktop/mushroomguard/species_dataset/data/data/false_deathcap/8.png
false_morel,poisonous,exact_match,/Users/anyliuliu/Desktop/mushroomguard/species_dataset/data/data/false_morel,/Users/anyliuliu/Desktop/mushroomguard/reference_species/poisonous/false_morel,/Users/anyliuliu/Desktop/mushroomguard/species_dataset/data/data/false_morel/8.png
false_saffron_milkcap,poisonous,exact_match,/Users/anyliuliu/Desktop/mushroomguard/species_dataset/data/data/false_saffron_milkcap,/Users/anyliuliu/Desktop/mushroomguard/reference_species/poisonous/false_saffron_milkcap,/Users/anyliuliu/Desktop/mushroomguard/species_dataset/data/data/false_saffron_milkcap/8.png
fenugreek_milkcap,uncertain,no_clear_rule,/Users/anyliuliu/Desktop/mushroomguard/species_dataset/data/data/fenugreek_milkcap,/Users/anyliuliu/Desktop/mushroomguard/reference_species/uncertain/fenugreek_milkcap,/Users/anyliuliu/Desktop/mushroomguard/species_dataset/data/data/fenugreek_milkcap/8.png
field_blewit,edible,exact_match,/Users/anyliuliu/Desktop/mushroomguard/species_dataset/data/data/field_blewit,/Users/anyliuliu/Desktop/mushroomguard/reference_species/edible/field_blewit,/Users/anyliuliu/Desktop/mushroomguard/species_dataset/data/data/field_blewit/8.png
field_mushroom,edible,exact_match,/Users/anyliuliu/Desktop/mushroomguard/species_dataset/data/data/field_mushroom,/Users/anyliuliu/Desktop/mushroomguard/reference_species/edible/field_mushroom,/Users/anyliuliu/Desktop/mushroomguard/species_dataset/data/data/field_mushroom/8.png
fleecy_milkcap,uncertain,no_clear_rule,/Users/anyliuliu/Desktop/mushroomguard/species_dataset/data/data/fleecy_milkcap,/Users/anyliuliu/Desktop/mushroomguard/reference_species/uncertain/fleecy_milkcap,/Users/anyliuliu/Desktop/mushroomguard/species_dataset/data/data/fleecy_milkcap/8.png
fly_agaric,poisonous,exact_match,/Users/anyliuliu/Desktop/mushroomguard/species_dataset/data/data/fly_agaric,/Users/anyliuliu/Desktop/mushroomguard/reference_species/poisonous/fly_agaric,/Users/anyliuliu/Desktop/mushroomguard/species_dataset/data/data/fly_agaric/8.png
fools_funnel,poisonous,exact_match,/Users/anyliuliu/Desktop/mushroomguard/species_dataset/data/data/fools_funnel,/Users/anyliuliu/Desktop/mushroomguard/reference_species/poisonous/fools_funnel,/Users/anyliuliu/Desktop/mushroomguard/species_dataset/data/data/fools_funnel/8.png
fragrant_funnel,uncertain,no_clear_rule,/Users/anyliuliu/Desktop/mushroomguard/species_dataset/data/data/fragrant_funnel,/Users/anyliuliu/Desktop/mushroomguard/reference_species/uncertain/fragrant_funnel,/Users/anyliuliu/Desktop/mushroomguard/species_dataset/data/data/fragrant_funnel/8.png
freckled_dapperling,uncertain,no_clear_rule,/Users/anyliuliu/Desktop/mushroomguard/species_dataset/data/data/freckled_dapperling,/Users/anyliuliu/Desktop/mushroomguard/reference_species/uncertain/freckled_dapperling,/Users/anyliuliu/Desktop/mushroomguard/species_dataset/data/data/freckled_dapperling/8.png
frosted_chanterelle,edible,keyword_rule,/Users/anyliuliu/Desktop/mushroomguard/species_dataset/data/data/frosted_chanterelle,/Users/anyliuliu/Desktop/mushroomguard/reference_species/edible/frosted_chanterelle,/Users/anyliuliu/Desktop/mushroomguard/species_dataset/data/data/frosted_chanterelle/8.png
funeral_bell,poisonous,exact_match,/Users/anyliuliu/Desktop/mushroomguard/species_dataset/data/data/funeral_bell,/Users/anyliuliu/Desktop/mushroomguard/reference_species/poisonous/funeral_bell,/Users/anyliuliu/Desktop/mushroomguard/species_dataset/data/data/funeral_bell/8.png
geranium_brittlegill,uncertain,no_clear_rule,/Users/anyliuliu/Desktop/mushroomguard/species_dataset/data/data/geranium_brittlegill,/Users/anyliuliu/Desktop/mushroomguard/reference_species/uncertain/geranium_brittlegill,/Users/anyliuliu/Desktop/mushroomguard/species_dataset/data/data/geranium_brittlegill/8.png
giant_funnel,uncertain,no_clear_rule,/Users/anyliuliu/Desktop/mushroomguard/species_dataset/data/data/giant_funnel,/Users/anyliuliu/Desktop/mushroomguard/reference_species/uncertain/giant_funnel,/Users/anyliuliu/Desktop/mushroomguard/species_dataset/data/data/giant_funnel/8.png
giant_puffball,edible,exact_match,/Users/anyliuliu/Desktop/mushroomguard/species_dataset/data/data/giant_puffball,/Users/anyliuliu/Desktop/mushroomguard/reference_species/edible/giant_puffball,/Users/anyliuliu/Desktop/mushroomguard/species_dataset/data/data/giant_puffball/8.png
glistening_inkcap,uncertain,no_clear_rule,/Users/anyliuliu/Desktop/mushroomguard/species_dataset/data/data/glistening_inkcap,/Users/anyliuliu/Desktop/mushroomguard/reference_species/uncertain/glistening_inkcap,/Users/anyliuliu/Desktop/mushroomguard/species_dataset/data/data/glistening_inkcap/8.png
golden_bootleg,uncertain,no_clear_rule,/Users/anyliuliu/Desktop/mushroomguard/species_dataset/data/data/golden_bootleg,/Users/anyliuliu/Desktop/mushroomguard/reference_species/uncertain/golden_bootleg,/Users/anyliuliu/Desktop/mushroomguard/species_dataset/data/data/golden_bootleg/8.png
golden_scalycap,uncertain,no_clear_rule,/Users/anyliuliu/Desktop/mushroomguard/species_dataset/data/data/golden_scalycap,/Users/anyliuliu/Desktop/mushroomguard/reference_species/uncertain/golden_scalycap,/Users/anyliuliu/Desktop/mushroomguard/species_dataset/data/data/golden_scalycap/8.png
golden_waxcap,uncertain,no_clear_rule,/Users/anyliuliu/Desktop/mushroomguard/species_dataset/data/data/golden_waxcap,/Users/anyliuliu/Desktop/mushroomguard/reference_species/uncertain/golden_waxcap,/Users/anyliuliu/Desktop/mushroomguard/species_dataset/data/data/golden_waxcap/8.png
greencracked_brittlegill,uncertain,no_clear_rule,/Users/anyliuliu/Desktop/mushroomguard/species_dataset/data/data/greencracked_brittlegill,/Users/anyliuliu/Desktop/mushroomguard/reference_species/uncertain/greencracked_brittlegill,/Users/anyliuliu/Desktop/mushroomguard/species_dataset/data/data/greencracked_brittlegill/8.png
grey_knight,uncertain,no_clear_rule,/Users/anyliuliu/Desktop/mushroomguard/species_dataset/data/data/grey_knight,/Users/anyliuliu/Desktop/mushroomguard/reference_species/uncertain/grey_knight,/Users/anyliuliu/Desktop/mushroomguard/species_dataset/data/data/grey_knight/8.png
grey_spotted_amanita,poisonous,exact_match,/Users/anyliuliu/Desktop/mushroomguard/species_dataset/data/data/grey_spotted_amanita,/Users/anyliuliu/Desktop/mushroomguard/reference_species/poisonous/grey_spotted_amanita,/Users/anyliuliu/Desktop/mushroomguard/species_dataset/data/data/grey_spotted_amanita/8.png
grisettes,uncertain,no_clear_rule,/Users/anyliuliu/Desktop/mushroomguard/species_dataset/data/data/grisettes,/Users/anyliuliu/Desktop/mushroomguard/reference_species/uncertain/grisettes,/Users/anyliuliu/Desktop/mushroomguard/species_dataset/data/data/grisettes/8.png
hairy_curtain_crust,uncertain,no_clear_rule,/Users/anyliuliu/Desktop/mushroomguard/species_dataset/data/data/hairy_curtain_crust,/Users/anyliuliu/Desktop/mushroomguard/reference_species/uncertain/hairy_curtain_crust,/Users/anyliuliu/Desktop/mushroomguard/species_dataset/data/data/hairy_curtain_crust/8.png
heath_waxcap,uncertain,no_clear_rule,/Users/anyliuliu/Desktop/mushroomguard/species_dataset/data/data/heath_waxcap,/Users/anyliuliu/Desktop/mushroomguard/reference_species/uncertain/heath_waxcap,/Users/anyliuliu/Desktop/mushroomguard/species_dataset/data/data/heath_waxcap/8.png
hedgehog_fungus,edible,exact_match,/Users/anyliuliu/Desktop/mushroomguard/species_dataset/data/data/hedgehog_fungus,/Users/anyliuliu/Desktop/mushroomguard/reference_species/edible/hedgehog_fungus,/Users/anyliuliu/Desktop/mushroomguard/species_dataset/data/data/hedgehog_fungus/8.png
hen_of_the_woods,edible,exact_match,/Users/anyliuliu/Desktop/mushroomguard/species_dataset/data/data/hen_of_the_woods,/Users/anyliuliu/Desktop/mushroomguard/reference_species/edible/hen_of_the_woods,/Users/anyliuliu/Desktop/mushroomguard/species_dataset/data/data/hen_of_the_woods/8.png
honey_fungus,edible,exact_match,/Users/anyliuliu/Desktop/mushroomguard/species_dataset/data/data/honey_fungus,/Users/anyliuliu/Desktop/mushroomguard/reference_species/edible/honey_fungus,/Users/anyliuliu/Desktop/mushroomguard/species_dataset/data/data/honey_fungus/8.png
hoof_fungus,uncertain,no_clear_rule,/Users/anyliuliu/Desktop/mushroomguard/species_dataset/data/data/hoof_fungus,/Users/anyliuliu/Desktop/mushroomguard/reference_species/uncertain/hoof_fungus,/Users/anyliuliu/Desktop/mushroomguard/species_dataset/data/data/hoof_fungus/8.png
horn_of_plenty,edible,exact_match,/Users/anyliuliu/Desktop/mushroomguard/species_dataset/data/data/horn_of_plenty,/Users/anyliuliu/Desktop/mushroomguard/reference_species/edible/horn_of_plenty,/Users/anyliuliu/Desktop/mushroomguard/species_dataset/data/data/horn_of_plenty/8.png
horse_mushroom,edible,exact_match,/Users/anyliuliu/Desktop/mushroomguard/species_dataset/data/data/horse_mushroom,/Users/anyliuliu/Desktop/mushroomguard/reference_species/edible/horse_mushroom,/Users/anyliuliu/Desktop/mushroomguard/species_dataset/data/data/horse_mushroom/8.png
inky_mushroom,uncertain,no_clear_rule,/Users/anyliuliu/Desktop/mushroomguard/species_dataset/data/data/inky_mushroom,/Users/anyliuliu/Desktop/mushroomguard/reference_species/uncertain/inky_mushroom,/Users/anyliuliu/Desktop/mushroomguard/species_dataset/data/data/inky_mushroom/8.png
jelly_ears,uncertain,no_clear_rule,/Users/anyliuliu/Desktop/mushroomguard/species_dataset/data/data/jelly_ears,/Users/anyliuliu/Desktop/mushroomguard/reference_species/uncertain/jelly_ears,/Users/anyliuliu/Desktop/mushroomguard/species_dataset/data/data/jelly_ears/8.png
jelly_tooth,uncertain,no_clear_rule,/Users/anyliuliu/Desktop/mushroomguard/species_dataset/data/data/jelly_tooth,/Users/anyliuliu/Desktop/mushroomguard/reference_species/uncertain/jelly_tooth,/Users/anyliuliu/Desktop/mushroomguard/species_dataset/data/data/jelly_tooth/8.png
jubilee_waxcap,uncertain,no_clear_rule,/Users/anyliuliu/Desktop/mushroomguard/species_dataset/data/data/jubilee_waxcap,/Users/anyliuliu/Desktop/mushroomguard/reference_species/uncertain/jubilee_waxcap,/Users/anyliuliu/Desktop/mushroomguard/species_dataset/data/data/jubilee_waxcap/8.png
king_alfreds_cakes,edible,exact_match,/Users/anyliuliu/Desktop/mushroomguard/species_dataset/data/data/king_alfreds_cakes,/Users/anyliuliu/Desktop/mushroomguard/reference_species/edible/king_alfreds_cakes,/Users/anyliuliu/Desktop/mushroomguard/species_dataset/data/data/king_alfreds_cakes/8.png
larch_bolete,edible,keyword_rule,/Users/anyliuliu/Desktop/mushroomguard/species_dataset/data/data/larch_bolete,/Users/anyliuliu/Desktop/mushroomguard/reference_species/edible/larch_bolete,/Users/anyliuliu/Desktop/mushroomguard/species_dataset/data/data/larch_bolete/8.png
leccinum_albostipitatum,uncertain,no_clear_rule,/Users/anyliuliu/Desktop/mushroomguard/species_dataset/data/data/leccinum_albostipitatum,/Users/anyliuliu/Desktop/mushroomguard/reference_species/uncertain/leccinum_albostipitatum,/Users/anyliuliu/Desktop/mushroomguard/species_dataset/data/data/leccinum_albostipitatum/8.png
liberty_cap,poisonous,exact_match,/Users/anyliuliu/Desktop/mushroomguard/species_dataset/data/data/liberty_cap,/Users/anyliuliu/Desktop/mushroomguard/reference_species/poisonous/liberty_cap,/Users/anyliuliu/Desktop/mushroomguard/species_dataset/data/data/liberty_cap/8.png
lilac_bonnet,uncertain,no_clear_rule,/Users/anyliuliu/Desktop/mushroomguard/species_dataset/data/data/lilac_bonnet,/Users/anyliuliu/Desktop/mushroomguard/reference_species/uncertain/lilac_bonnet,/Users/anyliuliu/Desktop/mushroomguard/species_dataset/data/data/lilac_bonnet/8.png
lilac_fibrecap,uncertain,no_clear_rule,/Users/anyliuliu/Desktop/mushroomguard/species_dataset/data/data/lilac_fibrecap,/Users/anyliuliu/Desktop/mushroomguard/reference_species/uncertain/lilac_fibrecap,/Users/anyliuliu/Desktop/mushroomguard/species_dataset/data/data/lilac_fibrecap/8.png
lions_mane,edible,exact_match,/Users/anyliuliu/Desktop/mushroomguard/species_dataset/data/data/lions_mane,/Users/anyliuliu/Desktop/mushroomguard/reference_species/edible/lions_mane,/Users/anyliuliu/Desktop/mushroomguard/species_dataset/data/data/lions_mane/8.png
lurid_bolete,edible,keyword_rule,/Users/anyliuliu/Desktop/mushroomguard/species_dataset/data/data/lurid_bolete,/Users/anyliuliu/Desktop/mushroomguard/reference_species/edible/lurid_bolete,/Users/anyliuliu/Desktop/mushroomguard/species_dataset/data/data/lurid_bolete/8.png
macro_mushroom,uncertain,no_clear_rule,/Users/anyliuliu/Desktop/mushroomguard/species_dataset/data/data/macro_mushroom,/Users/anyliuliu/Desktop/mushroomguard/reference_species/uncertain/macro_mushroom,/Users/anyliuliu/Desktop/mushroomguard/species_dataset/data/data/macro_mushroom/8.png
magpie_inkcap,uncertain,no_clear_rule,/Users/anyliuliu/Desktop/mushroomguard/species_dataset/data/data/magpie_inkcap,/Users/anyliuliu/Desktop/mushroomguard/reference_species/uncertain/magpie_inkcap,/Users/anyliuliu/Desktop/mushroomguard/species_dataset/data/data/magpie_inkcap/8.png
meadow_waxcap,uncertain,no_clear_rule,/Users/anyliuliu/Desktop/mushroomguard/species_dataset/data/data/meadow_waxcap,/Users/anyliuliu/Desktop/mushroomguard/reference_species/uncertain/meadow_waxcap,/Users/anyliuliu/Desktop/mushroomguard/species_dataset/data/data/meadow_waxcap/8.png
medusa_mushroom,uncertain,no_clear_rule,/Users/anyliuliu/Desktop/mushroomguard/species_dataset/data/data/medusa_mushroom,/Users/anyliuliu/Desktop/mushroomguard/reference_species/uncertain/medusa_mushroom,/Users/anyliuliu/Desktop/mushroomguard/species_dataset/data/data/medusa_mushroom/8.png
morel,edible,exact_match,/Users/anyliuliu/Desktop/mushroomguard/species_dataset/data/data/morel,/Users/anyliuliu/Desktop/mushroomguard/reference_species/edible/morel,/Users/anyliuliu/Desktop/mushroomguard/species_dataset/data/data/morel/8.png
mosaic_puffball,edible,keyword_rule,/Users/anyliuliu/Desktop/mushroomguard/species_dataset/data/data/mosaic_puffball,/Users/anyliuliu/Desktop/mushroomguard/reference_species/edible/mosaic_puffball,/Users/anyliuliu/Desktop/mushroomguard/species_dataset/data/data/mosaic_puffball/8.png
oak_bolete,edible,keyword_rule,/Users/anyliuliu/Desktop/mushroomguard/species_dataset/data/data/oak_bolete,/Users/anyliuliu/Desktop/mushroomguard/reference_species/edible/oak_bolete,/Users/anyliuliu/Desktop/mushroomguard/species_dataset/data/data/oak_bolete/8.png
oak_mazegill,uncertain,no_clear_rule,/Users/anyliuliu/Desktop/mushroomguard/species_dataset/data/data/oak_mazegill,/Users/anyliuliu/Desktop/mushroomguard/reference_species/uncertain/oak_mazegill,/Users/anyliuliu/Desktop/mushroomguard/species_dataset/data/data/oak_mazegill/8.png
oak_polypore,uncertain,no_clear_rule,/Users/anyliuliu/Desktop/mushroomguard/species_dataset/data/data/oak_polypore,/Users/anyliuliu/Desktop/mushroomguard/reference_species/uncertain/oak_polypore,/Users/anyliuliu/Desktop/mushroomguard/species_dataset/data/data/oak_polypore/8.png
ochre_brittlegill,uncertain,no_clear_rule,/Users/anyliuliu/Desktop/mushroomguard/species_dataset/data/data/ochre_brittlegill,/Users/anyliuliu/Desktop/mushroomguard/reference_species/uncertain/ochre_brittlegill,/Users/anyliuliu/Desktop/mushroomguard/species_dataset/data/data/ochre_brittlegill/8.png
old_man_of_the_woods,uncertain,no_clear_rule,/Users/anyliuliu/Desktop/mushroomguard/species_dataset/data/data/old_man_of_the_woods,/Users/anyliuliu/Desktop/mushroomguard/reference_species/uncertain/old_man_of_the_woods,/Users/anyliuliu/Desktop/mushroomguard/species_dataset/data/data/old_man_of_the_woods/8.png
orange_birch_bolete,edible,keyword_rule,/Users/anyliuliu/Desktop/mushroomguard/species_dataset/data/data/orange_birch_bolete,/Users/anyliuliu/Desktop/mushroomguard/reference_species/edible/orange_birch_bolete,/Users/anyliuliu/Desktop/mushroomguard/species_dataset/data/data/orange_birch_bolete/4.png
orange_bolete,edible,keyword_rule,/Users/anyliuliu/Desktop/mushroomguard/species_dataset/data/data/orange_bolete,/Users/anyliuliu/Desktop/mushroomguard/reference_species/edible/orange_bolete,/Users/anyliuliu/Desktop/mushroomguard/species_dataset/data/data/orange_bolete/8.png
orange_grisette,uncertain,no_clear_rule,/Users/anyliuliu/Desktop/mushroomguard/species_dataset/data/data/orange_grisette,/Users/anyliuliu/Desktop/mushroomguard/reference_species/uncertain/orange_grisette,/Users/anyliuliu/Desktop/mushroomguard/species_dataset/data/data/orange_grisette/8.png
orange_peel_fungus,uncertain,no_clear_rule,/Users/anyliuliu/Desktop/mushroomguard/species_dataset/data/data/orange_peel_fungus,/Users/anyliuliu/Desktop/mushroomguard/reference_species/uncertain/orange_peel_fungus,/Users/anyliuliu/Desktop/mushroomguard/species_dataset/data/data/orange_peel_fungus/8.png
oyster_mushroom,edible,exact_match,/Users/anyliuliu/Desktop/mushroomguard/species_dataset/data/data/oyster_mushroom,/Users/anyliuliu/Desktop/mushroomguard/reference_species/edible/oyster_mushroom,/Users/anyliuliu/Desktop/mushroomguard/species_dataset/data/data/oyster_mushroom/8.png
pale_oyster,edible,exact_match,/Users/anyliuliu/Desktop/mushroomguard/species_dataset/data/data/pale_oyster,/Users/anyliuliu/Desktop/mushroomguard/reference_species/edible/pale_oyster,/Users/anyliuliu/Desktop/mushroomguard/species_dataset/data/data/pale_oyster/8.png
panthercap,poisonous,exact_match,/Users/anyliuliu/Desktop/mushroomguard/species_dataset/data/data/panthercap,/Users/anyliuliu/Desktop/mushroomguard/reference_species/poisonous/panthercap,/Users/anyliuliu/Desktop/mushroomguard/species_dataset/data/data/panthercap/8.png
parasol,uncertain,no_clear_rule,/Users/anyliuliu/Desktop/mushroomguard/species_dataset/data/data/parasol,/Users/anyliuliu/Desktop/mushroomguard/reference_species/uncertain/parasol,/Users/anyliuliu/Desktop/mushroomguard/species_dataset/data/data/parasol/8.png
parrot_waxcap,uncertain,no_clear_rule,/Users/anyliuliu/Desktop/mushroomguard/species_dataset/data/data/parrot_waxcap,/Users/anyliuliu/Desktop/mushroomguard/reference_species/uncertain/parrot_waxcap,/Users/anyliuliu/Desktop/mushroomguard/species_dataset/data/data/parrot_waxcap/8.png
pavement_mushroom,uncertain,no_clear_rule,/Users/anyliuliu/Desktop/mushroomguard/species_dataset/data/data/pavement_mushroom,/Users/anyliuliu/Desktop/mushroomguard/reference_species/uncertain/pavement_mushroom,/Users/anyliuliu/Desktop/mushroomguard/species_dataset/data/data/pavement_mushroom/8.png
penny_bun,edible,exact_match,/Users/anyliuliu/Desktop/mushroomguard/species_dataset/data/data/penny_bun,/Users/anyliuliu/Desktop/mushroomguard/reference_species/edible/penny_bun,/Users/anyliuliu/Desktop/mushroomguard/species_dataset/data/data/penny_bun/8.png
peppery_bolete,edible,keyword_rule,/Users/anyliuliu/Desktop/mushroomguard/species_dataset/data/data/peppery_bolete,/Users/anyliuliu/Desktop/mushroomguard/reference_species/edible/peppery_bolete,/Users/anyliuliu/Desktop/mushroomguard/species_dataset/data/data/peppery_bolete/8.png
pestle_puffball,edible,keyword_rule,/Users/anyliuliu/Desktop/mushroomguard/species_dataset/data/data/pestle_puffball,/Users/anyliuliu/Desktop/mushroomguard/reference_species/edible/pestle_puffball,/Users/anyliuliu/Desktop/mushroomguard/species_dataset/data/data/pestle_puffball/8.png
pine_bolete,edible,exact_match,/Users/anyliuliu/Desktop/mushroomguard/species_dataset/data/data/pine_bolete,/Users/anyliuliu/Desktop/mushroomguard/reference_species/edible/pine_bolete,/Users/anyliuliu/Desktop/mushroomguard/species_dataset/data/data/pine_bolete/8.png
pink_waxcap,uncertain,no_clear_rule,/Users/anyliuliu/Desktop/mushroomguard/species_dataset/data/data/pink_waxcap,/Users/anyliuliu/Desktop/mushroomguard/reference_species/uncertain/pink_waxcap,/Users/anyliuliu/Desktop/mushroomguard/species_dataset/data/data/pink_waxcap/8.png
plums_and_custard,uncertain,no_clear_rule,/Users/anyliuliu/Desktop/mushroomguard/species_dataset/data/data/plums_and_custard,/Users/anyliuliu/Desktop/mushroomguard/reference_species/uncertain/plums_and_custard,/Users/anyliuliu/Desktop/mushroomguard/species_dataset/data/data/plums_and_custard/8.png
poison_pie,poisonous,exact_match,/Users/anyliuliu/Desktop/mushroomguard/species_dataset/data/data/poison_pie,/Users/anyliuliu/Desktop/mushroomguard/reference_species/poisonous/poison_pie,/Users/anyliuliu/Desktop/mushroomguard/species_dataset/data/data/poison_pie/8.png
poplar_bell,uncertain,no_clear_rule,/Users/anyliuliu/Desktop/mushroomguard/species_dataset/data/data/poplar_bell,/Users/anyliuliu/Desktop/mushroomguard/reference_species/uncertain/poplar_bell,/Users/anyliuliu/Desktop/mushroomguard/species_dataset/data/data/poplar_bell/8.png
poplar_fieldcap,uncertain,no_clear_rule,/Users/anyliuliu/Desktop/mushroomguard/species_dataset/data/data/poplar_fieldcap,/Users/anyliuliu/Desktop/mushroomguard/reference_species/uncertain/poplar_fieldcap,/Users/anyliuliu/Desktop/mushroomguard/species_dataset/data/data/poplar_fieldcap/8.png
porcelain_fungus,uncertain,no_clear_rule,/Users/anyliuliu/Desktop/mushroomguard/species_dataset/data/data/porcelain_fungus,/Users/anyliuliu/Desktop/mushroomguard/reference_species/uncertain/porcelain_fungus,/Users/anyliuliu/Desktop/mushroomguard/species_dataset/data/data/porcelain_fungus/8.png
powdery_brittlegill,uncertain,no_clear_rule,/Users/anyliuliu/Desktop/mushroomguard/species_dataset/data/data/powdery_brittlegill,/Users/anyliuliu/Desktop/mushroomguard/reference_species/uncertain/powdery_brittlegill,/Users/anyliuliu/Desktop/mushroomguard/species_dataset/data/data/powdery_brittlegill/8.png
purple_brittlegill,uncertain,no_clear_rule,/Users/anyliuliu/Desktop/mushroomguard/species_dataset/data/data/purple_brittlegill,/Users/anyliuliu/Desktop/mushroomguard/reference_species/uncertain/purple_brittlegill,/Users/anyliuliu/Desktop/mushroomguard/species_dataset/data/data/purple_brittlegill/8.png
red_belted_bracket,uncertain,no_clear_rule,/Users/anyliuliu/Desktop/mushroomguard/species_dataset/data/data/red_belted_bracket,/Users/anyliuliu/Desktop/mushroomguard/reference_species/uncertain/red_belted_bracket,/Users/anyliuliu/Desktop/mushroomguard/species_dataset/data/data/red_belted_bracket/8.png
red_cracking_bolete,edible,keyword_rule,/Users/anyliuliu/Desktop/mushroomguard/species_dataset/data/data/red_cracking_bolete,/Users/anyliuliu/Desktop/mushroomguard/reference_species/edible/red_cracking_bolete,/Users/anyliuliu/Desktop/mushroomguard/species_dataset/data/data/red_cracking_bolete/8.png
root_rot,uncertain,no_clear_rule,/Users/anyliuliu/Desktop/mushroomguard/species_dataset/data/data/root_rot,/Users/anyliuliu/Desktop/mushroomguard/reference_species/uncertain/root_rot,/Users/anyliuliu/Desktop/mushroomguard/species_dataset/data/data/root_rot/8.png
rooting_bolete,edible,keyword_rule,/Users/anyliuliu/Desktop/mushroomguard/species_dataset/data/data/rooting_bolete,/Users/anyliuliu/Desktop/mushroomguard/reference_species/edible/rooting_bolete,/Users/anyliuliu/Desktop/mushroomguard/species_dataset/data/data/rooting_bolete/8.png
rooting_shank,uncertain,no_clear_rule,/Users/anyliuliu/Desktop/mushroomguard/species_dataset/data/data/rooting_shank,/Users/anyliuliu/Desktop/mushroomguard/reference_species/uncertain/rooting_shank,/Users/anyliuliu/Desktop/mushroomguard/species_dataset/data/data/rooting_shank/8.png
rosy_bonnet,uncertain,no_clear_rule,/Users/anyliuliu/Desktop/mushroomguard/species_dataset/data/data/rosy_bonnet,/Users/anyliuliu/Desktop/mushroomguard/reference_species/uncertain/rosy_bonnet,/Users/anyliuliu/Desktop/mushroomguard/species_dataset/data/data/rosy_bonnet/8.png
ruby_bolete,edible,keyword_rule,/Users/anyliuliu/Desktop/mushroomguard/species_dataset/data/data/ruby_bolete,/Users/anyliuliu/Desktop/mushroomguard/reference_species/edible/ruby_bolete,/Users/anyliuliu/Desktop/mushroomguard/species_dataset/data/data/ruby_bolete/8.png
saffron_milkcap,edible,exact_match,/Users/anyliuliu/Desktop/mushroomguard/species_dataset/data/data/saffron_milkcap,/Users/anyliuliu/Desktop/mushroomguard/reference_species/edible/saffron_milkcap,/Users/anyliuliu/Desktop/mushroomguard/species_dataset/data/data/saffron_milkcap/8.png
scaly_wood_mushroom,uncertain,no_clear_rule,/Users/anyliuliu/Desktop/mushroomguard/species_dataset/data/data/scaly_wood_mushroom,/Users/anyliuliu/Desktop/mushroomguard/reference_species/uncertain/scaly_wood_mushroom,/Users/anyliuliu/Desktop/mushroomguard/species_dataset/data/data/scaly_wood_mushroom/8.png
scarlet_caterpillarclub,uncertain,no_clear_rule,/Users/anyliuliu/Desktop/mushroomguard/species_dataset/data/data/scarlet_caterpillarclub,/Users/anyliuliu/Desktop/mushroomguard/reference_species/uncertain/scarlet_caterpillarclub,/Users/anyliuliu/Desktop/mushroomguard/species_dataset/data/data/scarlet_caterpillarclub/8.png
scarlet_elfcup,uncertain,no_clear_rule,/Users/anyliuliu/Desktop/mushroomguard/species_dataset/data/data/scarlet_elfcup,/Users/anyliuliu/Desktop/mushroomguard/reference_species/uncertain/scarlet_elfcup,/Users/anyliuliu/Desktop/mushroomguard/species_dataset/data/data/scarlet_elfcup/8.png
scarlet_waxcap,uncertain,no_clear_rule,/Users/anyliuliu/Desktop/mushroomguard/species_dataset/data/data/scarlet_waxcap,/Users/anyliuliu/Desktop/mushroomguard/reference_species/uncertain/scarlet_waxcap,/Users/anyliuliu/Desktop/mushroomguard/species_dataset/data/data/scarlet_waxcap/8.png
scarletina_bolete,edible,keyword_rule,/Users/anyliuliu/Desktop/mushroomguard/species_dataset/data/data/scarletina_bolete,/Users/anyliuliu/Desktop/mushroomguard/reference_species/edible/scarletina_bolete,/Users/anyliuliu/Desktop/mushroomguard/species_dataset/data/data/scarletina_bolete/8.png
semifree_morel,edible,keyword_rule,/Users/anyliuliu/Desktop/mushroomguard/species_dataset/data/data/semifree_morel,/Users/anyliuliu/Desktop/mushroomguard/reference_species/edible/semifree_morel,/Users/anyliuliu/Desktop/mushroomguard/species_dataset/data/data/semifree_morel/8.png
sepia_bolete,edible,keyword_rule,/Users/anyliuliu/Desktop/mushroomguard/species_dataset/data/data/sepia_bolete,/Users/anyliuliu/Desktop/mushroomguard/reference_species/edible/sepia_bolete,/Users/anyliuliu/Desktop/mushroomguard/species_dataset/data/data/sepia_bolete/8.png
shaggy_bracket,uncertain,no_clear_rule,/Users/anyliuliu/Desktop/mushroomguard/species_dataset/data/data/shaggy_bracket,/Users/anyliuliu/Desktop/mushroomguard/reference_species/uncertain/shaggy_bracket,/Users/anyliuliu/Desktop/mushroomguard/species_dataset/data/data/shaggy_bracket/8.png
shaggy_inkcap,uncertain,no_clear_rule,/Users/anyliuliu/Desktop/mushroomguard/species_dataset/data/data/shaggy_inkcap,/Users/anyliuliu/Desktop/mushroomguard/reference_species/uncertain/shaggy_inkcap,/Users/anyliuliu/Desktop/mushroomguard/species_dataset/data/data/shaggy_inkcap/8.png
shaggy_parasol,uncertain,no_clear_rule,/Users/anyliuliu/Desktop/mushroomguard/species_dataset/data/data/shaggy_parasol,/Users/anyliuliu/Desktop/mushroomguard/reference_species/uncertain/shaggy_parasol,/Users/anyliuliu/Desktop/mushroomguard/species_dataset/data/data/shaggy_parasol/8.png
shaggy_scalycap,uncertain,no_clear_rule,/Users/anyliuliu/Desktop/mushroomguard/species_dataset/data/data/shaggy_scalycap,/Users/anyliuliu/Desktop/mushroomguard/reference_species/uncertain/shaggy_scalycap,/Users/anyliuliu/Desktop/mushroomguard/species_dataset/data/data/shaggy_scalycap/8.png
sheathed_woodtuft,uncertain,no_clear_rule,/Users/anyliuliu/Desktop/mushroomguard/species_dataset/data/data/sheathed_woodtuft,/Users/anyliuliu/Desktop/mushroomguard/reference_species/uncertain/sheathed_woodtuft,/Users/anyliuliu/Desktop/mushroomguard/species_dataset/data/data/sheathed_woodtuft/8.png
silky_rosegill,uncertain,no_clear_rule,/Users/anyliuliu/Desktop/mushroomguard/species_dataset/data/data/silky_rosegill,/Users/anyliuliu/Desktop/mushroomguard/reference_species/uncertain/silky_rosegill,/Users/anyliuliu/Desktop/mushroomguard/species_dataset/data/data/silky_rosegill/8.png
silverleaf_fungus,uncertain,no_clear_rule,/Users/anyliuliu/Desktop/mushroomguard/species_dataset/data/data/silverleaf_fungus,/Users/anyliuliu/Desktop/mushroomguard/reference_species/uncertain/silverleaf_fungus,/Users/anyliuliu/Desktop/mushroomguard/species_dataset/data/data/silverleaf_fungus/8.png
slender_parasol,uncertain,no_clear_rule,/Users/anyliuliu/Desktop/mushroomguard/species_dataset/data/data/slender_parasol,/Users/anyliuliu/Desktop/mushroomguard/reference_species/uncertain/slender_parasol,/Users/anyliuliu/Desktop/mushroomguard/species_dataset/data/data/slender_parasol/8.png
slimy_waxcap,uncertain,no_clear_rule,/Users/anyliuliu/Desktop/mushroomguard/species_dataset/data/data/slimy_waxcap,/Users/anyliuliu/Desktop/mushroomguard/reference_species/uncertain/slimy_waxcap,/Users/anyliuliu/Desktop/mushroomguard/species_dataset/data/data/slimy_waxcap/8.png
slippery_jack,uncertain,no_clear_rule,/Users/anyliuliu/Desktop/mushroomguard/species_dataset/data/data/slippery_jack,/Users/anyliuliu/Desktop/mushroomguard/reference_species/uncertain/slippery_jack,/Users/anyliuliu/Desktop/mushroomguard/species_dataset/data/data/slippery_jack/8.png
smoky_bracket,uncertain,no_clear_rule,/Users/anyliuliu/Desktop/mushroomguard/species_dataset/data/data/smoky_bracket,/Users/anyliuliu/Desktop/mushroomguard/reference_species/uncertain/smoky_bracket,/Users/anyliuliu/Desktop/mushroomguard/species_dataset/data/data/smoky_bracket/8.png
snakeskin_grisette,uncertain,no_clear_rule,/Users/anyliuliu/Desktop/mushroomguard/species_dataset/data/data/snakeskin_grisette,/Users/anyliuliu/Desktop/mushroomguard/reference_species/uncertain/snakeskin_grisette,/Users/anyliuliu/Desktop/mushroomguard/species_dataset/data/data/snakeskin_grisette/8.png
snowy_waxcap,uncertain,no_clear_rule,/Users/anyliuliu/Desktop/mushroomguard/species_dataset/data/data/snowy_waxcap,/Users/anyliuliu/Desktop/mushroomguard/reference_species/uncertain/snowy_waxcap,/Users/anyliuliu/Desktop/mushroomguard/species_dataset/data/data/snowy_waxcap/8.png
spectacular_rustgill,uncertain,no_clear_rule,/Users/anyliuliu/Desktop/mushroomguard/species_dataset/data/data/spectacular_rustgill,/Users/anyliuliu/Desktop/mushroomguard/reference_species/uncertain/spectacular_rustgill,/Users/anyliuliu/Desktop/mushroomguard/species_dataset/data/data/spectacular_rustgill/8.png
splendid_waxcap,uncertain,no_clear_rule,/Users/anyliuliu/Desktop/mushroomguard/species_dataset/data/data/splendid_waxcap,/Users/anyliuliu/Desktop/mushroomguard/reference_species/uncertain/splendid_waxcap,/Users/anyliuliu/Desktop/mushroomguard/species_dataset/data/data/splendid_waxcap/8.png
splitgill,uncertain,no_clear_rule,/Users/anyliuliu/Desktop/mushroomguard/species_dataset/data/data/splitgill,/Users/anyliuliu/Desktop/mushroomguard/reference_species/uncertain/splitgill,/Users/anyliuliu/Desktop/mushroomguard/species_dataset/data/data/splitgill/8.png
spotted_toughshank,uncertain,no_clear_rule,/Users/anyliuliu/Desktop/mushroomguard/species_dataset/data/data/spotted_toughshank,/Users/anyliuliu/Desktop/mushroomguard/reference_species/uncertain/spotted_toughshank,/Users/anyliuliu/Desktop/mushroomguard/species_dataset/data/data/spotted_toughshank/8.png
spring_fieldcap,uncertain,no_clear_rule,/Users/anyliuliu/Desktop/mushroomguard/species_dataset/data/data/spring_fieldcap,/Users/anyliuliu/Desktop/mushroomguard/reference_species/uncertain/spring_fieldcap,/Users/anyliuliu/Desktop/mushroomguard/species_dataset/data/data/spring_fieldcap/8.png
st_georges_mushroom,edible,exact_match,/Users/anyliuliu/Desktop/mushroomguard/species_dataset/data/data/st_georges_mushroom,/Users/anyliuliu/Desktop/mushroomguard/reference_species/edible/st_georges_mushroom,/Users/anyliuliu/Desktop/mushroomguard/species_dataset/data/data/st_georges_mushroom/8.png
stinkhorn,uncertain,no_clear_rule,/Users/anyliuliu/Desktop/mushroomguard/species_dataset/data/data/stinkhorn,/Users/anyliuliu/Desktop/mushroomguard/reference_species/uncertain/stinkhorn,/Users/anyliuliu/Desktop/mushroomguard/species_dataset/data/data/stinkhorn/8.png
stinking_dapperling,uncertain,no_clear_rule,/Users/anyliuliu/Desktop/mushroomguard/species_dataset/data/data/stinking_dapperling,/Users/anyliuliu/Desktop/mushroomguard/reference_species/uncertain/stinking_dapperling,/Users/anyliuliu/Desktop/mushroomguard/species_dataset/data/data/stinking_dapperling/8.png
stubble_rosegill,uncertain,no_clear_rule,/Users/anyliuliu/Desktop/mushroomguard/species_dataset/data/data/stubble_rosegill,/Users/anyliuliu/Desktop/mushroomguard/reference_species/uncertain/stubble_rosegill,/Users/anyliuliu/Desktop/mushroomguard/species_dataset/data/data/stubble_rosegill/8.png
stump_puffball,edible,keyword_rule,/Users/anyliuliu/Desktop/mushroomguard/species_dataset/data/data/stump_puffball,/Users/anyliuliu/Desktop/mushroomguard/reference_species/edible/stump_puffball,/Users/anyliuliu/Desktop/mushroomguard/species_dataset/data/data/stump_puffball/8.png
suede_bolete,edible,keyword_rule,/Users/anyliuliu/Desktop/mushroomguard/species_dataset/data/data/suede_bolete,/Users/anyliuliu/Desktop/mushroomguard/reference_species/edible/suede_bolete,/Users/anyliuliu/Desktop/mushroomguard/species_dataset/data/data/suede_bolete/8.png
sulphur_tuft,uncertain,no_clear_rule,/Users/anyliuliu/Desktop/mushroomguard/species_dataset/data/data/sulphur_tuft,/Users/anyliuliu/Desktop/mushroomguard/reference_species/uncertain/sulphur_tuft,/Users/anyliuliu/Desktop/mushroomguard/species_dataset/data/data/sulphur_tuft/8.png
summer_bolete,edible,keyword_rule,/Users/anyliuliu/Desktop/mushroomguard/species_dataset/data/data/summer_bolete,/Users/anyliuliu/Desktop/mushroomguard/reference_species/edible/summer_bolete,/Users/anyliuliu/Desktop/mushroomguard/species_dataset/data/data/summer_bolete/8.png
tawny_funnel,uncertain,no_clear_rule,/Users/anyliuliu/Desktop/mushroomguard/species_dataset/data/data/tawny_funnel,/Users/anyliuliu/Desktop/mushroomguard/reference_species/uncertain/tawny_funnel,/Users/anyliuliu/Desktop/mushroomguard/species_dataset/data/data/tawny_funnel/8.png
tawny_grisette,uncertain,no_clear_rule,/Users/anyliuliu/Desktop/mushroomguard/species_dataset/data/data/tawny_grisette,/Users/anyliuliu/Desktop/mushroomguard/reference_species/uncertain/tawny_grisette,/Users/anyliuliu/Desktop/mushroomguard/species_dataset/data/data/tawny_grisette/8.png
terracotta_hedgehog,uncertain,no_clear_rule,/Users/anyliuliu/Desktop/mushroomguard/species_dataset/data/data/terracotta_hedgehog,/Users/anyliuliu/Desktop/mushroomguard/reference_species/uncertain/terracotta_hedgehog,/Users/anyliuliu/Desktop/mushroomguard/species_dataset/data/data/terracotta_hedgehog/8.png
the_blusher,uncertain,no_clear_rule,/Users/anyliuliu/Desktop/mushroomguard/species_dataset/data/data/the_blusher,/Users/anyliuliu/Desktop/mushroomguard/reference_species/uncertain/the_blusher,/Users/anyliuliu/Desktop/mushroomguard/species_dataset/data/data/the_blusher/8.png
the_deceiver,uncertain,no_clear_rule,/Users/anyliuliu/Desktop/mushroomguard/species_dataset/data/data/the_deceiver,/Users/anyliuliu/Desktop/mushroomguard/reference_species/uncertain/the_deceiver,/Users/anyliuliu/Desktop/mushroomguard/species_dataset/data/data/the_deceiver/8.png
the_goblet,uncertain,no_clear_rule,/Users/anyliuliu/Desktop/mushroomguard/species_dataset/data/data/the_goblet,/Users/anyliuliu/Desktop/mushroomguard/reference_species/uncertain/the_goblet,/Users/anyliuliu/Desktop/mushroomguard/species_dataset/data/data/the_goblet/8.png
the_miller,uncertain,no_clear_rule,/Users/anyliuliu/Desktop/mushroomguard/species_dataset/data/data/the_miller,/Users/anyliuliu/Desktop/mushroomguard/reference_species/uncertain/the_miller,/Users/anyliuliu/Desktop/mushroomguard/species_dataset/data/data/the_miller/8.png
the_prince,uncertain,no_clear_rule,/Users/anyliuliu/Desktop/mushroomguard/species_dataset/data/data/the_prince,/Users/anyliuliu/Desktop/mushroomguard/reference_species/uncertain/the_prince,/Users/anyliuliu/Desktop/mushroomguard/species_dataset/data/data/the_prince/8.png
the_sickener,poisonous,exact_match,/Users/anyliuliu/Desktop/mushroomguard/species_dataset/data/data/the_sickener,/Users/anyliuliu/Desktop/mushroomguard/reference_species/poisonous/the_sickener,/Users/anyliuliu/Desktop/mushroomguard/species_dataset/data/data/the_sickener/8.png
thimble_morel,edible,keyword_rule,/Users/anyliuliu/Desktop/mushroomguard/species_dataset/data/data/thimble_morel,/Users/anyliuliu/Desktop/mushroomguard/reference_species/edible/thimble_morel,/Users/anyliuliu/Desktop/mushroomguard/species_dataset/data/data/thimble_morel/8.png
tripe_fungus,uncertain,no_clear_rule,/Users/anyliuliu/Desktop/mushroomguard/species_dataset/data/data/tripe_fungus,/Users/anyliuliu/Desktop/mushroomguard/reference_species/uncertain/tripe_fungus,/Users/anyliuliu/Desktop/mushroomguard/species_dataset/data/data/tripe_fungus/8.png
trooping_funnel,uncertain,no_clear_rule,/Users/anyliuliu/Desktop/mushroomguard/species_dataset/data/data/trooping_funnel,/Users/anyliuliu/Desktop/mushroomguard/reference_species/uncertain/trooping_funnel,/Users/anyliuliu/Desktop/mushroomguard/species_dataset/data/data/trooping_funnel/8.png
truffles,edible,exact_match,/Users/anyliuliu/Desktop/mushroomguard/species_dataset/data/data/truffles,/Users/anyliuliu/Desktop/mushroomguard/reference_species/edible/truffles,/Users/anyliuliu/Desktop/mushroomguard/species_dataset/data/data/truffles/2.png
tuberous_polypore,uncertain,no_clear_rule,/Users/anyliuliu/Desktop/mushroomguard/species_dataset/data/data/tuberous_polypore,/Users/anyliuliu/Desktop/mushroomguard/reference_species/uncertain/tuberous_polypore,/Users/anyliuliu/Desktop/mushroomguard/species_dataset/data/data/tuberous_polypore/8.png
turkey_tail,uncertain,no_clear_rule,/Users/anyliuliu/Desktop/mushroomguard/species_dataset/data/data/turkey_tail,/Users/anyliuliu/Desktop/mushroomguard/reference_species/uncertain/turkey_tail,/Users/anyliuliu/Desktop/mushroomguard/species_dataset/data/data/turkey_tail/8.png
velvet_shank,edible,exact_match,/Users/anyliuliu/Desktop/mushroomguard/species_dataset/data/data/velvet_shank,/Users/anyliuliu/Desktop/mushroomguard/reference_species/edible/velvet_shank,/Users/anyliuliu/Desktop/mushroomguard/species_dataset/data/data/velvet_shank/8.png
vermillion_waxcap,uncertain,no_clear_rule,/Users/anyliuliu/Desktop/mushroomguard/species_dataset/data/data/vermillion_waxcap,/Users/anyliuliu/Desktop/mushroomguard/reference_species/uncertain/vermillion_waxcap,/Users/anyliuliu/Desktop/mushroomguard/species_dataset/data/data/vermillion_waxcap/8.png
warted_amanita,poisonous,exact_match,/Users/anyliuliu/Desktop/mushroomguard/species_dataset/data/data/warted_amanita,/Users/anyliuliu/Desktop/mushroomguard/reference_species/poisonous/warted_amanita,/Users/anyliuliu/Desktop/mushroomguard/species_dataset/data/data/warted_amanita/8.png
weeping_widow,poisonous,exact_match,/Users/anyliuliu/Desktop/mushroomguard/species_dataset/data/data/weeping_widow,/Users/anyliuliu/Desktop/mushroomguard/reference_species/poisonous/weeping_widow,/Users/anyliuliu/Desktop/mushroomguard/species_dataset/data/data/weeping_widow/8.png
white_dapperling,uncertain,no_clear_rule,/Users/anyliuliu/Desktop/mushroomguard/species_dataset/data/data/white_dapperling,/Users/anyliuliu/Desktop/mushroomguard/reference_species/uncertain/white_dapperling,/Users/anyliuliu/Desktop/mushroomguard/species_dataset/data/data/white_dapperling/8.png
white_domecap,uncertain,no_clear_rule,/Users/anyliuliu/Desktop/mushroomguard/species_dataset/data/data/white_domecap,/Users/anyliuliu/Desktop/mushroomguard/reference_species/uncertain/white_domecap,/Users/anyliuliu/Desktop/mushroomguard/species_dataset/data/data/white_domecap/8.png
white_false_death_cap,poisonous,exact_match,/Users/anyliuliu/Desktop/mushroomguard/species_dataset/data/data/white_false_death_cap,/Users/anyliuliu/Desktop/mushroomguard/reference_species/poisonous/white_false_death_cap,/Users/anyliuliu/Desktop/mushroomguard/species_dataset/data/data/white_false_death_cap/8.png
white_fibrecap,uncertain,no_clear_rule,/Users/anyliuliu/Desktop/mushroomguard/species_dataset/data/data/white_fibrecap,/Users/anyliuliu/Desktop/mushroomguard/reference_species/uncertain/white_fibrecap,/Users/anyliuliu/Desktop/mushroomguard/species_dataset/data/data/white_fibrecap/8.png
white_saddle,uncertain,no_clear_rule,/Users/anyliuliu/Desktop/mushroomguard/species_dataset/data/data/white_saddle,/Users/anyliuliu/Desktop/mushroomguard/reference_species/uncertain/white_saddle,/Users/anyliuliu/Desktop/mushroomguard/species_dataset/data/data/white_saddle/8.png
winter_chanterelle,edible,exact_match,/Users/anyliuliu/Desktop/mushroomguard/species_dataset/data/data/winter_chanterelle,/Users/anyliuliu/Desktop/mushroomguard/reference_species/edible/winter_chanterelle,/Users/anyliuliu/Desktop/mushroomguard/species_dataset/data/data/winter_chanterelle/8.png
wood_blewit,edible,exact_match,/Users/anyliuliu/Desktop/mushroomguard/species_dataset/data/data/wood_blewit,/Users/anyliuliu/Desktop/mushroomguard/reference_species/edible/wood_blewit,/Users/anyliuliu/Desktop/mushroomguard/species_dataset/data/data/wood_blewit/8.png
wood_mushroom,uncertain,no_clear_rule,/Users/anyliuliu/Desktop/mushroomguard/species_dataset/data/data/wood_mushroom,/Users/anyliuliu/Desktop/mushroomguard/reference_species/uncertain/wood_mushroom,/Users/anyliuliu/Desktop/mushroomguard/species_dataset/data/data/wood_mushroom/8.png
woodland_inkcap,uncertain,no_clear_rule,/Users/anyliuliu/Desktop/mushroomguard/species_dataset/data/data/woodland_inkcap,/Users/anyliuliu/Desktop/mushroomguard/reference_species/uncertain/woodland_inkcap,/Users/anyliuliu/Desktop/mushroomguard/species_dataset/data/data/woodland_inkcap/8.png
woolly_milkcap,uncertain,no_clear_rule,/Users/anyliuliu/Desktop/mushroomguard/species_dataset/data/data/woolly_milkcap,/Users/anyliuliu/Desktop/mushroomguard/reference_species/uncertain/woolly_milkcap,/Users/anyliuliu/Desktop/mushroomguard/species_dataset/data/data/woolly_milkcap/8.png
wrinkled_peach,uncertain,no_clear_rule,/Users/anyliuliu/Desktop/mushroomguard/species_dataset/data/data/wrinkled_peach,/Users/anyliuliu/Desktop/mushroomguard/reference_species/uncertain/wrinkled_peach,/Users/anyliuliu/Desktop/mushroomguard/species_dataset/data/data/wrinkled_peach/8.png
yellow_false_truffle,poisonous,keyword_rule,/Users/anyliuliu/Desktop/mushroomguard/species_dataset/data/data/yellow_false_truffle,/Users/anyliuliu/Desktop/mushroomguard/reference_species/poisonous/yellow_false_truffle,/Users/anyliuliu/Desktop/mushroomguard/species_dataset/data/data/yellow_false_truffle/8.png
yellow_foot_waxcap,uncertain,no_clear_rule,/Users/anyliuliu/Desktop/mushroomguard/species_dataset/data/data/yellow_foot_waxcap,/Users/anyliuliu/Desktop/mushroomguard/reference_species/uncertain/yellow_foot_waxcap,/Users/anyliuliu/Desktop/mushroomguard/species_dataset/data/data/yellow_foot_waxcap/8.png
yellow_stagshorn,uncertain,no_clear_rule,/Users/anyliuliu/Desktop/mushroomguard/species_dataset/data/data/yellow_stagshorn,/Users/anyliuliu/Desktop/mushroomguard/reference_species/uncertain/yellow_stagshorn,/Users/anyliuliu/Desktop/mushroomguard/species_dataset/data/data/yellow_stagshorn/8.png
yellow_stainer,poisonous,exact_match,/Users/anyliuliu/Desktop/mushroomguard/species_dataset/data/data/yellow_stainer,/Users/anyliuliu/Desktop/mushroomguard/reference_species/poisonous/yellow_stainer,/Users/anyliuliu/Desktop/mushroomguard/species_dataset/data/data/yellow_stainer/8.png
yellow_swamp_brittlegill,uncertain,no_clear_rule,/Users/anyliuliu/Desktop/mushroomguard/species_dataset/data/data/yellow_swamp_brittlegill,/Users/anyliuliu/Desktop/mushroomguard/reference_species/uncertain/yellow_swamp_brittlegill,/Users/anyliuliu/Desktop/mushroomguard/species_dataset/data/data/yellow_swamp_brittlegill/8.png
